[
  {
    "registerNumber": 1,
    "name": "Annora Rolingson",
    "branch": 188,
    "email": "arolingson0@rakuten.co.jp",
    "sector": "Support",
    "birthdate": "1961-11-25"
  },
  {
    "registerNumber": 2,
    "name": "Frances Jarrell",
    "branch": 420,
    "email": "fjarrell1@ameblo.jp",
    "sector": "Support",
    "birthdate": "1961-07-03"
  },
  {
    "registerNumber": 3,
    "name": "Dre McCrone",
    "branch": 67,
    "email": "dmccrone2@sakura.ne.jp",
    "sector": "Services",
    "birthdate": "1963-12-25"
  },
  {
    "registerNumber": 4,
    "name": "Carce Harhoff",
    "branch": 627,
    "email": "charhoff3@aol.com",
    "sector": "Marketing",
    "birthdate": "1994-07-21"
  },
  {
    "registerNumber": 5,
    "name": "Izak Sheen",
    "branch": 568,
    "email": "isheen4@archive.org",
    "sector": "Human Resources",
    "birthdate": "1989-02-18"
  },
  {
    "registerNumber": 6,
    "name": "Gusty Barrand",
    "branch": 657,
    "email": "gbarrand5@disqus.com",
    "sector": "Services",
    "birthdate": "1975-07-01"
  },
  {
    "registerNumber": 7,
    "name": "Willem McCrossan",
    "branch": 940,
    "email": "wmccrossan6@google.com",
    "sector": "Product Management",
    "birthdate": "1958-10-18"
  },
  {
    "registerNumber": 8,
    "name": "Jerry Tessyman",
    "branch": 888,
    "email": "jtessyman7@ocn.ne.jp",
    "sector": "Marketing",
    "birthdate": "1979-11-17"
  },
  {
    "registerNumber": 9,
    "name": "Lisabeth Bissett",
    "branch": 486,
    "email": "lbissett8@ebay.com",
    "sector": "Sales",
    "birthdate": "2002-02-03"
  },
  {
    "registerNumber": 10,
    "name": "Inesita Dondon",
    "branch": 40,
    "email": "idondon9@typepad.com",
    "sector": "Product Management",
    "birthdate": "1994-08-30"
  },
  {
    "registerNumber": 11,
    "name": "Trumaine Kebbell",
    "branch": 611,
    "email": "tkebbella@umich.edu",
    "sector": "Human Resources",
    "birthdate": "1995-05-18"
  },
  {
    "registerNumber": 12,
    "name": "Anica Ector",
    "branch": 106,
    "email": "aectorb@desdev.cn",
    "sector": "Research and Development",
    "birthdate": "1963-01-27"
  },
  {
    "registerNumber": 13,
    "name": "Wye Duignan",
    "branch": 757,
    "email": "wduignanc@berkeley.edu",
    "sector": "Services",
    "birthdate": "1979-04-27"
  },
  {
    "registerNumber": 14,
    "name": "Gladi Packe",
    "branch": 607,
    "email": "gpacked@bing.com",
    "sector": "Engineering",
    "birthdate": "2001-11-30"
  },
  {
    "registerNumber": 15,
    "name": "Linell McLice",
    "branch": 509,
    "email": "lmclicee@printfriendly.com",
    "sector": "Legal",
    "birthdate": "1988-08-29"
  },
  {
    "registerNumber": 16,
    "name": "Dimitri Emanueli",
    "branch": 746,
    "email": "demanuelif@scientificamerican.com",
    "sector": "Support",
    "birthdate": "1969-05-28"
  },
  {
    "registerNumber": 17,
    "name": "Deane Sherlock",
    "branch": 880,
    "email": "dsherlockg@google.co.uk",
    "sector": "Legal",
    "birthdate": "1973-04-17"
  },
  {
    "registerNumber": 18,
    "name": "Kristin Staples",
    "branch": 936,
    "email": "kstaplesh@naver.com",
    "sector": "Product Management",
    "birthdate": "1994-11-16"
  },
  {
    "registerNumber": 19,
    "name": "Koo Loins",
    "branch": 240,
    "email": "kloinsi@blogs.com",
    "sector": "Product Management",
    "birthdate": "1995-01-21"
  },
  {
    "registerNumber": 20,
    "name": "Lexie Terrill",
    "branch": 969,
    "email": "lterrillj@intel.com",
    "sector": "Research and Development",
    "birthdate": "1997-02-08"
  },
  {
    "registerNumber": 21,
    "name": "Aigneis McEachern",
    "branch": 580,
    "email": "amceachernk@sogou.com",
    "sector": "Product Management",
    "birthdate": "2000-04-09"
  },
  {
    "registerNumber": 22,
    "name": "Linet Laughlan",
    "branch": 247,
    "email": "llaughlanl@nydailynews.com",
    "sector": "Services",
    "birthdate": "1967-12-18"
  },
  {
    "registerNumber": 23,
    "name": "Alister Pole",
    "branch": 760,
    "email": "apolem@drupal.org",
    "sector": "Sales",
    "birthdate": "2001-05-25"
  },
  {
    "registerNumber": 24,
    "name": "Sharyl De Mars",
    "branch": 795,
    "email": "sden@indiatimes.com",
    "sector": "Legal",
    "birthdate": "1988-01-18"
  },
  {
    "registerNumber": 25,
    "name": "Marcela Housecraft",
    "branch": 940,
    "email": "mhousecrafto@nifty.com",
    "sector": "Business Development",
    "birthdate": "1976-04-09"
  },
  {
    "registerNumber": 26,
    "name": "Loreen Hazelton",
    "branch": 323,
    "email": "lhazeltonp@washington.edu",
    "sector": "Sales",
    "birthdate": "1965-06-28"
  },
  {
    "registerNumber": 27,
    "name": "Neall Bateup",
    "branch": 153,
    "email": "nbateupq@epa.gov",
    "sector": "Training",
    "birthdate": "1961-09-27"
  },
  {
    "registerNumber": 28,
    "name": "Susanna Yakebovich",
    "branch": 589,
    "email": "syakebovichr@creativecommons.org",
    "sector": "Human Resources",
    "birthdate": "1987-06-14"
  },
  {
    "registerNumber": 29,
    "name": "Sarita Brockbank",
    "branch": 200,
    "email": "sbrockbanks@jugem.jp",
    "sector": "Training",
    "birthdate": "1992-06-08"
  },
  {
    "registerNumber": 30,
    "name": "Gordon Tejada",
    "branch": 490,
    "email": "gtejadat@yellowbook.com",
    "sector": "Product Management",
    "birthdate": "1977-03-24"
  },
  {
    "registerNumber": 31,
    "name": "David Gomes",
    "branch": 123,
    "email": "david@gmail.com",
    "sector": "IT",
    "birthdate": "1997-10-10"
  }
]